{"cameraMode":{"drawMode":0,"name":"Shaded","section":"Shading Mode"},"sceneLighting":true,"audioPlay":false,"sceneViewState":{"showFog":true,"showMaterialUpdate":false,"showSkybox":true,"showFlares":true,"showImageEffects":true,"showParticleSystems":true},"in2DMode":false,"pivot":{"x":-1.2558879852294922,"y":0.2879452705383301,"z":2.3110883235931398},"rotation":{"x":0.0004892627475783229,"y":0.08302503079175949,"z":0.00015763301053084433,"w":-0.9966372847557068},"size":2.3464367389678957,"orthographic":false}