{"cameraMode":{"drawMode":0,"name":"Shaded","section":"Shading Mode"},"sceneLighting":true,"audioPlay":false,"sceneViewState":{"showFog":true,"showMaterialUpdate":false,"showSkybox":true,"showFlares":true,"showImageEffects":true,"showParticleSystems":true},"in2DMode":false,"pivot":{"x":-6.627997398376465,"y":-5.146131992340088,"z":8.112598419189454},"rotation":{"x":0.21149080991744996,"y":-0.34296715259552,"z":0.07954255491495133,"w":0.9118894338607788},"size":6.427785873413086,"orthographic":false}