{"cameraMode":{"drawMode":0,"name":"Shaded","section":"Shading Mode"},"sceneLighting":false,"audioPlay":false,"sceneViewState":{"showFog":true,"showMaterialUpdate":false,"showSkybox":false,"showFlares":true,"showImageEffects":true,"showParticleSystems":true},"in2DMode":false,"pivot":{"x":-0.20049124956130982,"y":-0.06783425062894821,"z":0.22090184688568116},"rotation":{"x":-0.025349879637360574,"y":-0.10331102460622788,"z":-0.002771099330857396,"w":0.9944232106208801},"size":0.29386788606643679,"orthographic":false}