{"cameraMode":{"drawMode":0,"name":"Shaded","section":"Shading Mode"},"sceneLighting":true,"audioPlay":false,"sceneViewState":{"showFog":true,"showMaterialUpdate":false,"showSkybox":true,"showFlares":true,"showImageEffects":true,"showParticleSystems":true},"in2DMode":false,"pivot":{"x":0.9159293174743652,"y":0.9408951997756958,"z":-0.4148086607456207},"rotation":{"x":-0.1995421200990677,"y":0.6407716274261475,"z":-0.17760831117630006,"w":-0.7198750376701355},"size":0.13522890210151673,"orthographic":false}