{"cameraMode":{"drawMode":0,"name":"Shaded","section":"Shading Mode"},"sceneLighting":false,"audioPlay":false,"sceneViewState":{"showFog":true,"showMaterialUpdate":false,"showSkybox":false,"showFlares":true,"showImageEffects":true,"showParticleSystems":true},"in2DMode":false,"pivot":{"x":0.0,"y":5.098922252655029,"z":0.01858043670654297},"rotation":{"x":-0.23279663920402528,"y":0.25909289717674258,"z":-0.06464429199695587,"w":-0.9352306127548218},"size":8.995656967163086,"orthographic":false}