{"cameraMode":{"drawMode":0,"name":"Shaded","section":"Shading Mode"},"sceneLighting":true,"audioPlay":false,"sceneViewState":{"showFog":true,"showMaterialUpdate":false,"showSkybox":true,"showFlares":true,"showImageEffects":true,"showParticleSystems":true},"in2DMode":false,"pivot":{"x":0.21136406064033509,"y":0.6949676275253296,"z":-0.10769806057214737},"rotation":{"x":-0.004102453123778105,"y":-0.010097305290400982,"z":-0.000040871029341360554,"w":0.9999427199363709},"size":0.01063207071274519,"orthographic":false}