{"cameraMode":{"drawMode":0,"name":"Shaded","section":"Shading Mode"},"sceneLighting":false,"audioPlay":false,"sceneViewState":{"showFog":true,"showMaterialUpdate":false,"showSkybox":false,"showFlares":true,"showImageEffects":true,"showParticleSystems":true},"in2DMode":false,"pivot":{"x":10.66367244720459,"y":7.917398929595947,"z":-28.339229583740236},"rotation":{"x":-0.008683370426297188,"y":0.7660865783691406,"z":0.010337443090975285,"w":0.6426547765731812},"size":13.445953369140625,"orthographic":false}