{"cameraMode":{"drawMode":0,"name":"Shaded","section":"Shading Mode"},"sceneLighting":false,"audioPlay":false,"sceneViewState":{"showFog":true,"showMaterialUpdate":false,"showSkybox":false,"showFlares":true,"showImageEffects":true,"showParticleSystems":true},"in2DMode":false,"pivot":{"x":-0.12728796899318696,"y":0.060696423053741458,"z":0.21043819189071656},"rotation":{"x":-0.1359649896621704,"y":-0.041604455560445788,"z":-0.005856535397469997,"w":0.9899243712425232},"size":0.29386788606643679,"orthographic":false}