{"cameraMode":{"drawMode":0,"name":"Shaded","section":"Shading Mode"},"sceneLighting":false,"audioPlay":false,"sceneViewState":{"showFog":true,"showMaterialUpdate":false,"showSkybox":false,"showFlares":true,"showImageEffects":true,"showParticleSystems":true},"in2DMode":false,"pivot":{"x":570.0,"y":581.233154296875,"z":-0.01590000092983246},"rotation":{"x":-0.02034568600356579,"y":0.11998427659273148,"z":-0.0025139115750789644,"w":-0.9926449060440064},"size":0.100896455347538,"orthographic":false}