{"cameraMode":{"drawMode":0,"name":"Shaded","section":"Shading Mode"},"sceneLighting":false,"audioPlay":false,"sceneViewState":{"showFog":true,"showMaterialUpdate":false,"showSkybox":false,"showFlares":true,"showImageEffects":true,"showParticleSystems":true},"in2DMode":false,"pivot":{"x":-0.004199458286166191,"y":0.0019131735898554326,"z":0.0009029172360897064},"rotation":{"x":-0.057887002825737,"y":-0.05509597063064575,"z":0.0031430902890861036,"w":-0.9968770742416382},"size":0.02789265289902687,"orthographic":false}