{"cameraMode":{"drawMode":0,"name":"Shaded","section":"Shading Mode"},"sceneLighting":true,"audioPlay":false,"sceneViewState":{"showFog":true,"showMaterialUpdate":false,"showSkybox":true,"showFlares":true,"showImageEffects":true,"showParticleSystems":true},"in2DMode":false,"pivot":{"x":-0.4630248546600342,"y":-0.049728065729141238,"z":2.3681178092956545},"rotation":{"x":-0.03549520671367645,"y":0.0006170993437990546,"z":0.00009396305540576577,"w":-0.9994601607322693},"size":2.3464367389678957,"orthographic":false}