{"cameraMode":{"drawMode":0,"name":"Shaded","section":"Shading Mode"},"sceneLighting":false,"audioPlay":false,"sceneViewState":{"showFog":true,"showMaterialUpdate":false,"showSkybox":false,"showFlares":true,"showImageEffects":true,"showParticleSystems":true},"in2DMode":false,"pivot":{"x":-850.1467895507813,"y":30.702178955078126,"z":-350.5429992675781},"rotation":{"x":0.11632376164197922,"y":-0.23454681038856507,"z":0.02828148938715458,"w":0.9647071361541748},"size":834.6572265625,"orthographic":false}