{"cameraMode":{"drawMode":0,"name":"Shaded","section":"Shading Mode"},"sceneLighting":false,"audioPlay":false,"sceneViewState":{"showFog":true,"showMaterialUpdate":false,"showSkybox":false,"showFlares":true,"showImageEffects":true,"showParticleSystems":true},"in2DMode":false,"pivot":{"x":390.728759765625,"y":136.7610626220703,"z":-60.000518798828128},"rotation":{"x":-0.00449738372117281,"y":0.03599431738257408,"z":0.00015967051149345934,"w":0.9993939399719238},"size":79.97159576416016,"orthographic":true}