{"cameraMode":{"drawMode":0,"name":"Shaded","section":"Shading Mode"},"sceneLighting":true,"audioPlay":false,"sceneViewState":{"showFog":true,"showMaterialUpdate":false,"showSkybox":true,"showFlares":true,"showImageEffects":true,"showParticleSystems":true},"in2DMode":false,"pivot":{"x":-0.5510780811309815,"y":0.3297794461250305,"z":7.388620853424072},"rotation":{"x":0.006498091388493776,"y":0.023899435997009279,"z":0.00018267893756274134,"w":-0.9997477531433106},"size":1.4256227016448975,"orthographic":false}