{"cameraMode":{"drawMode":0,"name":"Shaded","section":"Shading Mode"},"sceneLighting":true,"audioPlay":false,"sceneViewState":{"showFog":true,"showMaterialUpdate":false,"showSkybox":true,"showFlares":true,"showImageEffects":true,"showParticleSystems":true},"in2DMode":false,"pivot":{"x":1.0987821817398072,"y":0.9591292142868042,"z":-0.034397125244140628},"rotation":{"x":-0.21181178092956544,"y":0.41938474774360659,"z":-0.10129795223474503,"w":-0.8769257068634033},"size":0.9861541986465454,"orthographic":false}