{"cameraMode":{"drawMode":0,"name":"Shaded","section":"Shading Mode"},"sceneLighting":false,"audioPlay":false,"sceneViewState":{"showFog":true,"showMaterialUpdate":false,"showSkybox":false,"showFlares":true,"showImageEffects":true,"showParticleSystems":true},"in2DMode":false,"pivot":{"x":12.95892333984375,"y":-4.389662265777588,"z":15.693035125732422},"rotation":{"x":-0.14300322532653809,"y":-0.016052396968007089,"z":0.002218626905232668,"w":-0.9896754622459412},"size":11.780430793762207,"orthographic":true}