{"cameraMode":{"drawMode":0,"name":"Shaded","section":"Shading Mode"},"sceneLighting":false,"audioPlay":false,"sceneViewState":{"showFog":true,"showMaterialUpdate":false,"showSkybox":false,"showFlares":true,"showImageEffects":true,"showParticleSystems":true},"in2DMode":false,"pivot":{"x":2.000929117202759,"y":0.00871431827545166,"z":-0.5000000596046448},"rotation":{"x":-0.23279663920402528,"y":0.25909289717674258,"z":-0.06464429199695587,"w":-0.9352306127548218},"size":1.0247865915298463,"orthographic":false}