{"cameraMode":{"drawMode":0,"name":"Shaded","section":"Shading Mode"},"sceneLighting":true,"audioPlay":false,"sceneViewState":{"showFog":true,"showMaterialUpdate":false,"showSkybox":true,"showFlares":true,"showImageEffects":true,"showParticleSystems":true},"in2DMode":false,"pivot":{"x":0.3240189552307129,"y":1.037951111793518,"z":1.6203097105026246},"rotation":{"x":-0.01979679986834526,"y":-0.03388979285955429,"z":0.0006719371885992587,"w":-0.999232828617096},"size":1.3653895854949952,"orthographic":false}