{"cameraMode":{"drawMode":0,"name":"Shaded","section":"Shading Mode"},"sceneLighting":true,"audioPlay":false,"sceneViewState":{"showFog":true,"showMaterialUpdate":false,"showSkybox":true,"showFlares":true,"showImageEffects":true,"showParticleSystems":true},"in2DMode":false,"pivot":{"x":-0.04665438085794449,"y":-0.29385802149772646,"z":1.5560271739959717},"rotation":{"x":0.1386590600013733,"y":0.19473186135292054,"z":-0.027819346636533738,"w":0.9706087112426758},"size":2.4557511806488039,"orthographic":true}